{"out": ["T", "I", "D", "N", "G", "S", "B", "A", "J", "M", "X", "O", "G", "M", "R", "F", "O", "C", "T", "J", "J", "H", "S", "O", "J", "C", "M", "W"], "in1": [0.09090909090909091, 0.36363636363636365, 0.2727272727272727, 0.5454545454545454, 0.09090909090909091, 0.2727272727272727, 0.2727272727272727, 0.0, 0.09090909090909091, 0.9090909090909091, 0.18181818181818182, 0.45454545454545453, 0.2727272727272727, 0.45454545454545453, 0.36363636363636365, 0.45454545454545453, 0.18181818181818182, 0.5454545454545454, 0.45454545454545453, 0.09090909090909091, 0.0, 0.2727272727272727, 0.18181818181818182, 0.45454545454545453, 0.18181818181818182, 0.45454545454545453, 0.5454545454545454, 1.0], "in2": [0.5, 0.7857142857142857, 0.7142857142857143, 0.7142857142857143, 0.0, 0.7142857142857143, 0.07142857142857142, 0.0, 0.07142857142857142, 1.0, 0.5714285714285714, 0.8571428571428571, 0.5714285714285714, 0.5714285714285714, 0.5714285714285714, 0.5714285714285714, 0.21428571428571427, 0.6428571428571429, 0.7142857142857143, 0.07142857142857142, 0.14285714285714285, 0.2857142857142857, 0.07142857142857142, 0.7142857142857143, 0.35714285714285715, 0.7142857142857143, 0.7142857142857143, 0.9285714285714286], "in3": [0.09090909090909091, 0.09090909090909091, 0.36363636363636365, 0.36363636363636365, 0.09090909090909091, 0.2727272727272727, 0.2727272727272727, 0.09090909090909091, 0.18181818181818182, 1.0, 0.2727272727272727, 0.18181818181818182, 0.36363636363636365, 0.5454545454545454, 0.2727272727272727, 0.2727272727272727, 0.18181818181818182, 0.2727272727272727, 0.36363636363636365, 0.09090909090909091, 0.0, 0.2727272727272727, 0.09090909090909091, 0.45454545454545453, 0.18181818181818182, 0.45454545454545453, 0.8181818181818182, 0.9090909090909091], "in4": [0.5, 0.75, 0.875, 0.625, 0.0, 0.875, 0.375, 0.125, 0.375, 1.0, 0.75, 0.75, 0.75, 0.625, 0.75, 0.375, 0.25, 0.5, 0.875, 0.25, 0.125, 0.375, 0.25, 0.875, 0.375, 0.875, 0.875, 0.875], "in5": [0.0, 0.125, 0.625, 0.25, 0.0, 0.25, 0.375, 0.0, 0.125, 0.75, 0.375, 0.375, 0.625, 1.0, 0.625, 0.25, 0.125, 0.125, 0.5, 0.0, 0.0, 0.375, 0.125, 0.5, 0.125, 0.25, 1.0, 0.5], "in6": [0.5, 0.7, 0.7, 0.2, 0.5, 0.5, 0.5, 0.5, 0.7, 1.0, 0.5, 0.3, 0.4, 0.4, 0.3, 0.7, 0.5, 0.3, 0.3, 0.7, 0.5, 0.4, 0.5, 0.4, 0.3, 0.4, 0.0, 0.6], "in7": [1.0, 0.2727272727272727, 0.36363636363636365, 0.6363636363636364, 0.36363636363636365, 0.5454545454545454, 0.45454545454545453, 0.0, 0.36363636363636365, 0.0, 0.45454545454545453, 0.45454545454545453, 0.5454545454545454, 0.5454545454545454, 0.8181818181818182, 0.36363636363636365, 0.45454545454545453, 0.5454545454545454, 0.8181818181818182, 0.36363636363636365, 0.5454545454545454, 0.45454545454545453, 0.5454545454545454, 0.36363636363636365, 0.36363636363636365, 0.5454545454545454, 0.5454545454545454, 0.7272727272727273], "in8": [0.0, 0.5555555555555556, 0.2222222222222222, 0.4444444444444444, 0.6666666666666666, 0.6666666666666666, 0.6666666666666666, 0.2222222222222222, 0.2222222222222222, 0.6666666666666666, 0.3333333333333333, 0.6666666666666666, 0.6666666666666666, 0.6666666666666666, 0.7777777777777778, 0.3333333333333333, 0.7777777777777778, 0.6666666666666666, 0.5555555555555556, 0.3333333333333333, 0.2222222222222222, 0.6666666666666666, 0.7777777777777778, 1.0, 0.4444444444444444, 0.7777777777777778, 0.4444444444444444, 0.4444444444444444], "in9": [0.4444444444444444, 0.2222222222222222, 0.4444444444444444, 0.4444444444444444, 0.4444444444444444, 0.7777777777777778, 0.4444444444444444, 0.0, 0.4444444444444444, 0.0, 0.6666666666666666, 0.1111111111111111, 0.0, 0.3333333333333333, 0.1111111111111111, 0.3333333333333333, 0.3333333333333333, 0.6666666666666666, 0.4444444444444444, 0.4444444444444444, 0.3333333333333333, 0.4444444444444444, 0.3333333333333333, 0.4444444444444444, 0.2222222222222222, 1.0, 0.3333333333333333, 0.1111111111111111], "in10": [0.2, 0.9, 0.6, 0.0, 0.2, 0.1, 0.3, 0.4, 0.8, 0.8, 0.1, 0.6, 0.2, 0.3, 0.3, 0.6, 0.3, 0.7, 0.7, 0.8, 1.0, 0.3, 0.3, 0.3, 1.0, 0.0, 0.6, 0.1], "in11": [0.9, 0.2, 0.2, 0.3, 0.4, 0.5, 0.5, 0.1, 0.3, 0.0, 0.5, 0.6, 0.4, 0.4, 0.2, 0.4, 0.5, 0.6, 0.8, 0.3, 0.4, 0.5, 0.4, 0.4, 0.7, 0.6, 1.0, 0.9], "in12": [0.4, 0.5, 0.3, 0.6, 0.5, 0.2, 0.2, 0.4, 0.4, 0.5, 0.4, 0.5, 0.7, 0.4, 0.5, 0.3, 0.4, 0.7, 0.0, 0.5, 0.4, 0.4, 0.3, 0.5, 0.8, 1.0, 0.6, 0.3], "in13": [0.0, 0.2, 0.3, 0.6, 0.1, 0.0, 0.2, 0.1, 0.1, 0.8, 0.2, 0.5, 0.4, 0.8, 0.2, 0.3, 0.2, 0.2, 0.3, 0.0, 0.0, 0.3, 0.2, 0.4, 0.1, 0.1, 1.0, 1.0], "in14": [0.6363636363636364, 0.6363636363636364, 0.5454545454545454, 0.8181818181818182, 0.5454545454545454, 0.6363636363636364, 0.6363636363636364, 0.45454545454545453, 0.45454545454545453, 0.0, 0.6363636363636364, 0.7272727272727273, 0.6363636363636364, 0.7272727272727273, 0.5454545454545454, 0.7272727272727273, 0.6363636363636364, 0.6363636363636364, 1.0, 0.5454545454545454, 0.5454545454545454, 0.6363636363636364, 0.6363636363636364, 0.6363636363636364, 0.45454545454545453, 0.5454545454545454, 0.7272727272727273, 1.0], "in15": [0.0, 0.4444444444444444, 0.3333333333333333, 0.2222222222222222, 0.5555555555555556, 1.0, 0.7777777777777778, 0.2222222222222222, 0.1111111111111111, 0.1111111111111111, 0.6666666666666666, 0.5555555555555556, 0.7777777777777778, 0.8888888888888888, 0.5555555555555556, 0.6666666666666666, 0.3333333333333333, 0.5555555555555556, 0.2222222222222222, 0.1111111111111111, 0.0, 0.3333333333333333, 1.0, 0.5555555555555556, 0.1111111111111111, 0.4444444444444444, 0.5555555555555556, 0.2222222222222222], "in16": [0.5714285714285714, 0.8571428571428571, 0.7142857142857143, 0.5714285714285714, 0.8571428571428571, 0.42857142857142855, 0.8571428571428571, 0.42857142857142855, 0.42857142857142855, 0.5714285714285714, 0.42857142857142855, 0.5714285714285714, 0.5714285714285714, 0.2857142857142857, 1.0, 0.7142857142857143, 0.5714285714285714, 0.7142857142857143, 0.0, 0.42857142857142855, 0.42857142857142855, 0.5714285714285714, 0.5714285714285714, 0.14285714285714285, 0.2857142857142857, 0.5714285714285714, 0.42857142857142855, 0.2857142857142857]}